{"check_style_score": "0/1", "version": "1", "message": "SUCCESS", "score": {"hidden": {}, "sample": {"0": {"execution_time": 0.1492931842803955, "passed": true}, "1": {"execution_time": 0.10934138298034668, "passed": true}, "2": {"execution_time": 0.06846427917480469, "passed": true}, "3": {"execution_time": 0.06342768669128418, "passed": true}, "4": {"execution_time": 0.0666649341583252, "passed": true}, "5": {"execution_time": 0.1600499153137207, "passed": true}, "6": {"execution_time": 0.06625533103942871, "passed": true}, "7": {"execution_time": 0.0994563102722168, "passed": true}, "8": {"execution_time": 0.11022114753723145, "passed": true}, "9": {"execution_time": 0.06736493110656738, "passed": true}, "10": {"execution_time": 0.06795382499694824, "passed": true}, "11": {"execution_time": 0.09758543968200684, "passed": true}, "12": {"execution_time": 0.06623625755310059, "passed": true}, "13": {"execution_time": 0.06428241729736328, "passed": true}, "14": {"execution_time": 0.11612749099731445, "passed": true}, "15": {"execution_time": 0.0668175220489502, "passed": true}, "16": {"execution_time": 0.09963846206665039, "passed": true}, "17": {"execution_time": 0.1626572608947754, "passed": true}, "18": {"execution_time": 0.1638352870941162, "passed": true}, "19": {"execution_time": 0.21966314315795898, "passed": true}, "20": {"execution_time": 0.11590957641601562, "passed": true}, "21": {"execution_time": 0.09516096115112305, "passed": true}, "22": {"execution_time": 0.2140791416168213, "passed": true}, "23": {"execution_time": 0.12238454818725586, "passed": true}}}, "problem_id": "ads1_m2_a1", "user_id": "ManasaMona"}